{"cameraMode":{"drawMode":0,"name":"Shaded","section":"Shading Mode"},"sceneLighting":true,"audioPlay":false,"sceneViewState":{"showFog":true,"showMaterialUpdate":false,"showSkybox":true,"showFlares":true,"showImageEffects":true,"showParticleSystems":true},"in2DMode":false,"pivot":{"x":0.1956467628479004,"y":2.7800540924072267,"z":0.5925483703613281},"rotation":{"x":-0.18550294637680055,"y":0.6139742732048035,"z":-0.15143150091171266,"w":-0.7521495819091797},"size":11.792476654052735,"orthographic":false}