{"cameraMode":{"drawMode":0,"name":"Shaded","section":"Shading Mode"},"sceneLighting":true,"audioPlay":false,"sceneViewState":{"showFog":true,"showMaterialUpdate":false,"showSkybox":true,"showFlares":true,"showImageEffects":true,"showParticleSystems":true},"in2DMode":false,"pivot":{"x":0.14368116855621339,"y":5.017735481262207,"z":8.262491226196289},"rotation":{"x":-0.16050752997398377,"y":0.39120590686798098,"z":-0.06950034201145172,"w":-0.9035528302192688},"size":2.9282853603363039,"orthographic":false}